[{"model": "adresses.country", "pk": 1, "fields": {"name": "Ireland"}}, {"model": "adresses.country", "pk": 2, "fields": {"name": "Australia"}}, {"model": "adresses.country", "pk": 3, "fields": {"name": "Malta"}}, {"model": "adresses.country", "pk": 4, "fields": {"name": "Brazil"}}, {"model": "adresses.region", "pk": 206, "fields": {"name": "Arran Quay"}}, {"model": "adresses.region", "pk": 207, "fields": {"name": "North City"}}, {"model": "adresses.region", "pk": 208, "fields": {"name": "Saint Kevin's"}}, {"model": "adresses.region", "pk": 209, "fields": {"name": "Dublin"}}, {"model": "adresses.region", "pk": 210, "fields": {"name": "Merchants Quay"}}, {"model": "adresses.region", "pk": 211, "fields": {"name": "Dublin City"}}, {"model": "adresses.region", "pk": 212, "fields": {"name": "Whitehall"}}, {"model": "adresses.region", "pk": 213, "fields": {"name": "Malahide"}}, {"model": "adresses.region", "pk": 214, "fields": {"name": "Temple Bar"}}, {"model": "adresses.region", "pk": 215, "fields": {"name": "Rotunda"}}, {"model": "adresses.region", "pk": 216, "fields": {"name": "Grand Canal Dock"}}, {"model": "adresses.region", "pk": 217, "fields": {"name": "Maynooth"}}, {"model": "adresses.region", "pk": 218, "fields": {"name": "Mountjoy"}}, {"model": "adresses.region", "pk": 219, "fields": {"name": "Francis Street"}}, {"model": "adresses.region", "pk": 220, "fields": {"name": "D\u00fan Laoghaire"}}, {"model": "adresses.region", "pk": 221, "fields": {"name": "Main Street"}}, {"model": "adresses.region", "pk": 222, "fields": {"name": "Bray"}}, {"model": "adresses.region", "pk": 223, "fields": {"name": "Dublin Northside"}}, {"model": "adresses.region", "pk": 224, "fields": {"name": "Rathgar"}}, {"model": "adresses.region", "pk": 225, "fields": {"name": "Glasthule"}}, {"model": "adresses.region", "pk": 226, "fields": {"name": "Dublin 1"}}, {"model": "adresses.region", "pk": 227, "fields": {"name": "Clare"}}, {"model": "adresses.region", "pk": 228, "fields": {"name": "Ennis"}}, {"model": "adresses.region", "pk": 229, "fields": {"name": "Limerick"}}, {"model": "adresses.region", "pk": 230, "fields": {"name": "Plassey"}}, {"model": "adresses.region", "pk": 231, "fields": {"name": "National Technology Park"}}, {"model": "adresses.region", "pk": 232, "fields": {"name": "Gort"}}, {"model": "adresses.region", "pk": 233, "fields": {"name": "Scarriff"}}, {"model": "adresses.region", "pk": 234, "fields": {"name": "Portumna"}}, {"model": "adresses.region", "pk": 235, "fields": {"name": "Castletroy"}}, {"model": "adresses.region", "pk": 236, "fields": {"name": "Glin"}}, {"model": "adresses.region", "pk": 237, "fields": {"name": "Kilmallock"}}, {"model": "adresses.region", "pk": 238, "fields": {"name": "Shannon"}}, {"model": "adresses.region", "pk": 239, "fields": {"name": "Cork"}}, {"model": "adresses.region", "pk": 240, "fields": {"name": "North Tipperary"}}, {"model": "adresses.region", "pk": 241, "fields": {"name": "County Limerick"}}, {"model": "adresses.region", "pk": 242, "fields": {"name": "Tipperary"}}, {"model": "adresses.region", "pk": 243, "fields": {"name": "Doneraile"}}, {"model": "adresses.region", "pk": 244, "fields": {"name": "Newcastle West"}}, {"model": "adresses.region", "pk": 245, "fields": {"name": "Hospital"}}, {"model": "adresses.region", "pk": 246, "fields": {"name": "Toreen"}}, {"model": "adresses.region", "pk": 247, "fields": {"name": "Nenagh"}}, {"model": "adresses.region", "pk": 248, "fields": {"name": "Galbally"}}, {"model": "adresses.region", "pk": 249, "fields": {"name": "Mitchelstown"}}, {"model": "adresses.region", "pk": 250, "fields": {"name": "Tulla"}}, {"model": "adresses.region", "pk": 251, "fields": {"name": "Coolkereen"}}, {"model": "adresses.region", "pk": 252, "fields": {"name": "Birr"}}, {"model": "adresses.region", "pk": 253, "fields": {"name": "Crusheen"}}, {"model": "adresses.region", "pk": 254, "fields": {"name": "Castleconnell"}}, {"model": "adresses.region", "pk": 255, "fields": {"name": "Miltown Malbay"}}, {"model": "adresses.region", "pk": 256, "fields": {"name": "Newmarket On Fergus"}}, {"model": "adresses.region", "pk": 257, "fields": {"name": "Lisdoonvarna"}}, {"model": "adresses.region", "pk": 258, "fields": {"name": "Tarbert"}}, {"model": "adresses.region", "pk": 259, "fields": {"name": "Limerick City"}}, {"model": "adresses.region", "pk": 260, "fields": {"name": "Croom"}}, {"model": "adresses.region", "pk": 261, "fields": {"name": "O'briens Bridge"}}, {"model": "adresses.region", "pk": 262, "fields": {"name": "Mungret"}}, {"model": "adresses.region", "pk": 263, "fields": {"name": "Montenotte"}}, {"model": "adresses.region", "pk": 264, "fields": {"name": "Ballincollig"}}, {"model": "adresses.region", "pk": 265, "fields": {"name": "Eden Hill"}}, {"model": "adresses.region", "pk": 266, "fields": {"name": "Centre"}}, {"model": "adresses.region", "pk": 267, "fields": {"name": "County Cork"}}, {"model": "adresses.region", "pk": 268, "fields": {"name": "Union Hall"}}, {"model": "adresses.region", "pk": 269, "fields": {"name": "Bishopstown"}}, {"model": "adresses.region", "pk": 270, "fields": {"name": "Kinsale"}}, {"model": "adresses.region", "pk": 271, "fields": {"name": "Bandon"}}, {"model": "adresses.region", "pk": 272, "fields": {"name": "Town-Plots"}}, {"model": "adresses.region", "pk": 273, "fields": {"name": "Dunmanway"}}, {"model": "adresses.region", "pk": 274, "fields": {"name": "Lismore"}}, {"model": "adresses.region", "pk": 275, "fields": {"name": "Carrigaline"}}, {"model": "adresses.region", "pk": 276, "fields": {"name": "Cork City"}}, {"model": "adresses.region", "pk": 277, "fields": {"name": "Mardyke"}}, {"model": "adresses.region", "pk": 278, "fields": {"name": "New Twopothouse"}}, {"model": "adresses.region", "pk": 279, "fields": {"name": "Midleton"}}, {"model": "adresses.region", "pk": 280, "fields": {"name": "Ballintemple"}}, {"model": "adresses.region", "pk": 281, "fields": {"name": "Mallow"}}, {"model": "adresses.region", "pk": 282, "fields": {"name": "Millstreet"}}, {"model": "adresses.region", "pk": 283, "fields": {"name": "Rushbrooke"}}, {"model": "adresses.region", "pk": 284, "fields": {"name": "Kilbarry Enterprise Centre"}}, {"model": "adresses.region", "pk": 285, "fields": {"name": "Galway"}}, {"model": "adresses.region", "pk": 286, "fields": {"name": "Galway City"}}, {"model": "adresses.region", "pk": 287, "fields": {"name": "Monivea"}}, {"model": "adresses.region", "pk": 288, "fields": {"name": "Ballinrobe"}}, {"model": "adresses.region", "pk": 289, "fields": {"name": "Loughrea"}}, {"model": "adresses.region", "pk": 290, "fields": {"name": "Townparks (3rd Division)"}}, {"model": "adresses.region", "pk": 291, "fields": {"name": "Tuam"}}, {"model": "adresses.region", "pk": 292, "fields": {"name": "Carnmore"}}, {"model": "adresses.region", "pk": 293, "fields": {"name": "County Galway"}}, {"model": "adresses.region", "pk": 294, "fields": {"name": "Oranmore"}}, {"model": "adresses.region", "pk": 295, "fields": {"name": "Athenry"}}, {"model": "adresses.region", "pk": 296, "fields": {"name": "Knocknacarra"}}, {"model": "adresses.region", "pk": 297, "fields": {"name": "Claremorris"}}, {"model": "adresses.region", "pk": 298, "fields": {"name": "Mayo"}}, {"model": "adresses.region", "pk": 299, "fields": {"name": "Ballindine Rd"}}, {"model": "adresses.region", "pk": 300, "fields": {"name": "Salthill"}}, {"model": "adresses.region", "pk": 301, "fields": {"name": "Malta"}}, {"model": "adresses.region", "pk": 302, "fields": {"name": "SWQ 3034"}}, {"model": "adresses.region", "pk": 303, "fields": {"name": "SPB 2418"}}, {"model": "adresses.region", "pk": 304, "fields": {"name": "STJ3243"}}, {"model": "adresses.region", "pk": 305, "fields": {"name": "KCM 1721"}}, {"model": "adresses.region", "pk": 306, "fields": {"name": "LJA1405"}}, {"model": "adresses.region", "pk": 307, "fields": {"name": "VLT 1123"}}, {"model": "adresses.region", "pk": 308, "fields": {"name": "STJ 3180"}}, {"model": "adresses.region", "pk": 309, "fields": {"name": "SLM 1600"}}, {"model": "adresses.region", "pk": 310, "fields": {"name": "PBK1800"}}, {"model": "adresses.region", "pk": 311, "fields": {"name": "MSD1604"}}, {"model": "adresses.region", "pk": 312, "fields": {"name": "SPB 3476"}}, {"model": "adresses.region", "pk": 313, "fields": {"name": "SLM 1424"}}, {"model": "adresses.region", "pk": 314, "fields": {"name": "MLH 1020"}}, {"model": "adresses.region", "pk": 315, "fields": {"name": "VLT1230"}}, {"model": "adresses.region", "pk": 316, "fields": {"name": "PBK 1771"}}, {"model": "adresses.region", "pk": 317, "fields": {"name": "SWQ 3150"}}, {"model": "adresses.region", "pk": 318, "fields": {"name": "Tas-Sliema"}}, {"model": "adresses.region", "pk": 319, "fields": {"name": "San Pawl il-Ba\u0127ar"}}, {"model": "adresses.region", "pk": 320, "fields": {"name": "STJ 3223"}}, {"model": "adresses.region", "pk": 321, "fields": {"name": "STJ 3311"}}, {"model": "adresses.region", "pk": 322, "fields": {"name": "MST 9055"}}, {"model": "adresses.region", "pk": 323, "fields": {"name": "SPB3476"}}, {"model": "adresses.region", "pk": 324, "fields": {"name": "SGN 2310"}}, {"model": "adresses.region", "pk": 325, "fields": {"name": "STJ3181"}}, {"model": "adresses.region", "pk": 326, "fields": {"name": "VLT 11"}}, {"model": "adresses.region", "pk": 327, "fields": {"name": "STJ 3103"}}, {"model": "adresses.region", "pk": 328, "fields": {"name": "Triq Sir Augustus Bartolo"}}, {"model": "adresses.region", "pk": 329, "fields": {"name": "BKR9078"}}, {"model": "adresses.region", "pk": 330, "fields": {"name": "Sudeste"}}, {"model": "adresses.state", "pk": 204, "fields": {"name": "Arran Quay", "country": 1, "region": 206, "abbreviation": ""}}, {"model": "adresses.state", "pk": 205, "fields": {"name": "North City", "country": 1, "region": 207, "abbreviation": ""}}, {"model": "adresses.state", "pk": 206, "fields": {"name": "Saint Kevin's", "country": 1, "region": 208, "abbreviation": ""}}, {"model": "adresses.state", "pk": 207, "fields": {"name": "Dublin", "country": 1, "region": 209, "abbreviation": ""}}, {"model": "adresses.state", "pk": 208, "fields": {"name": "Merchants Quay", "country": 1, "region": 210, "abbreviation": ""}}, {"model": "adresses.state", "pk": 209, "fields": {"name": "Dublin City", "country": 1, "region": 211, "abbreviation": ""}}, {"model": "adresses.state", "pk": 210, "fields": {"name": "Whitehall", "country": 1, "region": 212, "abbreviation": ""}}, {"model": "adresses.state", "pk": 211, "fields": {"name": "Malahide", "country": 1, "region": 213, "abbreviation": ""}}, {"model": "adresses.state", "pk": 212, "fields": {"name": "Temple Bar", "country": 1, "region": 214, "abbreviation": ""}}, {"model": "adresses.state", "pk": 213, "fields": {"name": "Rotunda", "country": 1, "region": 215, "abbreviation": ""}}, {"model": "adresses.state", "pk": 214, "fields": {"name": "Grand Canal Dock", "country": 1, "region": 216, "abbreviation": ""}}, {"model": "adresses.state", "pk": 215, "fields": {"name": "Maynooth", "country": 1, "region": 217, "abbreviation": ""}}, {"model": "adresses.state", "pk": 216, "fields": {"name": "Mountjoy", "country": 1, "region": 218, "abbreviation": ""}}, {"model": "adresses.state", "pk": 217, "fields": {"name": "Francis Street", "country": 1, "region": 219, "abbreviation": ""}}, {"model": "adresses.state", "pk": 218, "fields": {"name": "D\u00fan Laoghaire", "country": 1, "region": 220, "abbreviation": ""}}, {"model": "adresses.state", "pk": 219, "fields": {"name": "Main Street", "country": 1, "region": 221, "abbreviation": ""}}, {"model": "adresses.state", "pk": 220, "fields": {"name": "Bray", "country": 1, "region": 222, "abbreviation": ""}}, {"model": "adresses.state", "pk": 221, "fields": {"name": "Dublin Northside", "country": 1, "region": 223, "abbreviation": ""}}, {"model": "adresses.state", "pk": 222, "fields": {"name": "Rathgar", "country": 1, "region": 224, "abbreviation": ""}}, {"model": "adresses.state", "pk": 223, "fields": {"name": "Glasthule", "country": 1, "region": 225, "abbreviation": ""}}, {"model": "adresses.state", "pk": 224, "fields": {"name": "Dublin 1", "country": 1, "region": 226, "abbreviation": ""}}, {"model": "adresses.state", "pk": 225, "fields": {"name": "Clare", "country": 1, "region": 227, "abbreviation": ""}}, {"model": "adresses.state", "pk": 226, "fields": {"name": "Ennis", "country": 1, "region": 228, "abbreviation": ""}}, {"model": "adresses.state", "pk": 227, "fields": {"name": "Limerick", "country": 1, "region": 229, "abbreviation": ""}}, {"model": "adresses.state", "pk": 228, "fields": {"name": "Plassey", "country": 1, "region": 230, "abbreviation": ""}}, {"model": "adresses.state", "pk": 229, "fields": {"name": "National Technology Park", "country": 1, "region": 231, "abbreviation": ""}}, {"model": "adresses.state", "pk": 230, "fields": {"name": "Gort", "country": 1, "region": 232, "abbreviation": ""}}, {"model": "adresses.state", "pk": 231, "fields": {"name": "Scarriff", "country": 1, "region": 233, "abbreviation": ""}}, {"model": "adresses.state", "pk": 232, "fields": {"name": "Portumna", "country": 1, "region": 234, "abbreviation": ""}}, {"model": "adresses.state", "pk": 233, "fields": {"name": "Castletroy", "country": 1, "region": 235, "abbreviation": ""}}, {"model": "adresses.state", "pk": 234, "fields": {"name": "Glin", "country": 1, "region": 236, "abbreviation": ""}}, {"model": "adresses.state", "pk": 235, "fields": {"name": "Kilmallock", "country": 1, "region": 237, "abbreviation": ""}}, {"model": "adresses.state", "pk": 236, "fields": {"name": "Shannon", "country": 1, "region": 238, "abbreviation": ""}}, {"model": "adresses.state", "pk": 237, "fields": {"name": "Cork", "country": 1, "region": 239, "abbreviation": ""}}, {"model": "adresses.state", "pk": 238, "fields": {"name": "North Tipperary", "country": 1, "region": 240, "abbreviation": ""}}, {"model": "adresses.state", "pk": 239, "fields": {"name": "County Limerick", "country": 1, "region": 241, "abbreviation": ""}}, {"model": "adresses.state", "pk": 240, "fields": {"name": "Tipperary", "country": 1, "region": 242, "abbreviation": ""}}, {"model": "adresses.state", "pk": 241, "fields": {"name": "Doneraile", "country": 1, "region": 243, "abbreviation": ""}}, {"model": "adresses.state", "pk": 242, "fields": {"name": "Newcastle West", "country": 1, "region": 244, "abbreviation": ""}}, {"model": "adresses.state", "pk": 243, "fields": {"name": "Hospital", "country": 1, "region": 245, "abbreviation": ""}}, {"model": "adresses.state", "pk": 244, "fields": {"name": "Toreen", "country": 1, "region": 246, "abbreviation": ""}}, {"model": "adresses.state", "pk": 245, "fields": {"name": "Nenagh", "country": 1, "region": 247, "abbreviation": ""}}, {"model": "adresses.state", "pk": 246, "fields": {"name": "Galbally", "country": 1, "region": 248, "abbreviation": ""}}, {"model": "adresses.state", "pk": 247, "fields": {"name": "Mitchelstown", "country": 1, "region": 249, "abbreviation": ""}}, {"model": "adresses.state", "pk": 248, "fields": {"name": "Tulla", "country": 1, "region": 250, "abbreviation": ""}}, {"model": "adresses.state", "pk": 249, "fields": {"name": "Coolkereen", "country": 1, "region": 251, "abbreviation": ""}}, {"model": "adresses.state", "pk": 250, "fields": {"name": "Birr", "country": 1, "region": 252, "abbreviation": ""}}, {"model": "adresses.state", "pk": 251, "fields": {"name": "Crusheen", "country": 1, "region": 253, "abbreviation": ""}}, {"model": "adresses.state", "pk": 252, "fields": {"name": "Castleconnell", "country": 1, "region": 254, "abbreviation": ""}}, {"model": "adresses.state", "pk": 253, "fields": {"name": "Miltown Malbay", "country": 1, "region": 255, "abbreviation": ""}}, {"model": "adresses.state", "pk": 254, "fields": {"name": "Newmarket On Fergus", "country": 1, "region": 256, "abbreviation": ""}}, {"model": "adresses.state", "pk": 255, "fields": {"name": "Lisdoonvarna", "country": 1, "region": 257, "abbreviation": ""}}, {"model": "adresses.state", "pk": 256, "fields": {"name": "Tarbert", "country": 1, "region": 258, "abbreviation": ""}}, {"model": "adresses.state", "pk": 257, "fields": {"name": "Limerick City", "country": 1, "region": 259, "abbreviation": ""}}, {"model": "adresses.state", "pk": 258, "fields": {"name": "Croom", "country": 1, "region": 260, "abbreviation": ""}}, {"model": "adresses.state", "pk": 259, "fields": {"name": "O'briens Bridge", "country": 1, "region": 261, "abbreviation": ""}}, {"model": "adresses.state", "pk": 260, "fields": {"name": "Mungret", "country": 1, "region": 262, "abbreviation": ""}}, {"model": "adresses.state", "pk": 261, "fields": {"name": "Montenotte", "country": 1, "region": 263, "abbreviation": ""}}, {"model": "adresses.state", "pk": 262, "fields": {"name": "Ballincollig", "country": 1, "region": 264, "abbreviation": ""}}, {"model": "adresses.state", "pk": 263, "fields": {"name": "Eden Hill", "country": 1, "region": 265, "abbreviation": ""}}, {"model": "adresses.state", "pk": 264, "fields": {"name": "Centre", "country": 1, "region": 266, "abbreviation": ""}}, {"model": "adresses.state", "pk": 265, "fields": {"name": "County Cork", "country": 1, "region": 267, "abbreviation": ""}}, {"model": "adresses.state", "pk": 266, "fields": {"name": "Union Hall", "country": 1, "region": 268, "abbreviation": ""}}, {"model": "adresses.state", "pk": 267, "fields": {"name": "Bishopstown", "country": 1, "region": 269, "abbreviation": ""}}, {"model": "adresses.state", "pk": 268, "fields": {"name": "Kinsale", "country": 1, "region": 270, "abbreviation": ""}}, {"model": "adresses.state", "pk": 269, "fields": {"name": "Bandon", "country": 1, "region": 271, "abbreviation": ""}}, {"model": "adresses.state", "pk": 270, "fields": {"name": "Town-Plots", "country": 1, "region": 272, "abbreviation": ""}}, {"model": "adresses.state", "pk": 271, "fields": {"name": "Dunmanway", "country": 1, "region": 273, "abbreviation": ""}}, {"model": "adresses.state", "pk": 272, "fields": {"name": "Lismore", "country": 1, "region": 274, "abbreviation": ""}}, {"model": "adresses.state", "pk": 273, "fields": {"name": "Carrigaline", "country": 1, "region": 275, "abbreviation": ""}}, {"model": "adresses.state", "pk": 274, "fields": {"name": "Cork City", "country": 1, "region": 276, "abbreviation": ""}}, {"model": "adresses.state", "pk": 275, "fields": {"name": "Mardyke", "country": 1, "region": 277, "abbreviation": ""}}, {"model": "adresses.state", "pk": 276, "fields": {"name": "New Twopothouse", "country": 1, "region": 278, "abbreviation": ""}}, {"model": "adresses.state", "pk": 277, "fields": {"name": "Midleton", "country": 1, "region": 279, "abbreviation": ""}}, {"model": "adresses.state", "pk": 278, "fields": {"name": "Ballintemple", "country": 1, "region": 280, "abbreviation": ""}}, {"model": "adresses.state", "pk": 279, "fields": {"name": "Mallow", "country": 1, "region": 281, "abbreviation": ""}}, {"model": "adresses.state", "pk": 280, "fields": {"name": "Millstreet", "country": 1, "region": 282, "abbreviation": ""}}, {"model": "adresses.state", "pk": 281, "fields": {"name": "Rushbrooke", "country": 1, "region": 283, "abbreviation": ""}}, {"model": "adresses.state", "pk": 282, "fields": {"name": "Kilbarry Enterprise Centre", "country": 1, "region": 284, "abbreviation": ""}}, {"model": "adresses.state", "pk": 283, "fields": {"name": "Galway", "country": 1, "region": 285, "abbreviation": ""}}, {"model": "adresses.state", "pk": 284, "fields": {"name": "Galway City", "country": 1, "region": 286, "abbreviation": ""}}, {"model": "adresses.state", "pk": 285, "fields": {"name": "Monivea", "country": 1, "region": 287, "abbreviation": ""}}, {"model": "adresses.state", "pk": 286, "fields": {"name": "Ballinrobe", "country": 1, "region": 288, "abbreviation": ""}}, {"model": "adresses.state", "pk": 287, "fields": {"name": "Loughrea", "country": 1, "region": 289, "abbreviation": ""}}, {"model": "adresses.state", "pk": 288, "fields": {"name": "Townparks (3rd Division)", "country": 1, "region": 290, "abbreviation": ""}}, {"model": "adresses.state", "pk": 289, "fields": {"name": "Tuam", "country": 1, "region": 291, "abbreviation": ""}}, {"model": "adresses.state", "pk": 290, "fields": {"name": "Carnmore", "country": 1, "region": 292, "abbreviation": ""}}, {"model": "adresses.state", "pk": 291, "fields": {"name": "County Galway", "country": 1, "region": 293, "abbreviation": ""}}, {"model": "adresses.state", "pk": 292, "fields": {"name": "Oranmore", "country": 1, "region": 294, "abbreviation": ""}}, {"model": "adresses.state", "pk": 293, "fields": {"name": "Athenry", "country": 1, "region": 295, "abbreviation": ""}}, {"model": "adresses.state", "pk": 294, "fields": {"name": "Knocknacarra", "country": 1, "region": 296, "abbreviation": ""}}, {"model": "adresses.state", "pk": 295, "fields": {"name": "Claremorris", "country": 1, "region": 297, "abbreviation": ""}}, {"model": "adresses.state", "pk": 296, "fields": {"name": "Mayo", "country": 1, "region": 298, "abbreviation": ""}}, {"model": "adresses.state", "pk": 297, "fields": {"name": "Ballindine Rd", "country": 1, "region": 299, "abbreviation": ""}}, {"model": "adresses.state", "pk": 298, "fields": {"name": "Salthill", "country": 1, "region": 300, "abbreviation": ""}}, {"model": "adresses.state", "pk": 299, "fields": {"name": "Malta", "country": 3, "region": 301, "abbreviation": ""}}, {"model": "adresses.state", "pk": 300, "fields": {"name": "SWQ 3034", "country": 3, "region": 302, "abbreviation": ""}}, {"model": "adresses.state", "pk": 301, "fields": {"name": "SPB 2418", "country": 3, "region": 303, "abbreviation": ""}}, {"model": "adresses.state", "pk": 302, "fields": {"name": "STJ3243", "country": 3, "region": 304, "abbreviation": ""}}, {"model": "adresses.state", "pk": 303, "fields": {"name": "KCM 1721", "country": 3, "region": 305, "abbreviation": ""}}, {"model": "adresses.state", "pk": 304, "fields": {"name": "LJA1405", "country": 3, "region": 306, "abbreviation": ""}}, {"model": "adresses.state", "pk": 305, "fields": {"name": "VLT 1123", "country": 3, "region": 307, "abbreviation": ""}}, {"model": "adresses.state", "pk": 306, "fields": {"name": "STJ 3180", "country": 3, "region": 308, "abbreviation": ""}}, {"model": "adresses.state", "pk": 307, "fields": {"name": "SLM 1600", "country": 3, "region": 309, "abbreviation": ""}}, {"model": "adresses.state", "pk": 308, "fields": {"name": "PBK1800", "country": 3, "region": 310, "abbreviation": ""}}, {"model": "adresses.state", "pk": 309, "fields": {"name": "MSD1604", "country": 3, "region": 311, "abbreviation": ""}}, {"model": "adresses.state", "pk": 310, "fields": {"name": "SPB 3476", "country": 3, "region": 312, "abbreviation": ""}}, {"model": "adresses.state", "pk": 311, "fields": {"name": "SLM 1424", "country": 3, "region": 313, "abbreviation": ""}}, {"model": "adresses.state", "pk": 312, "fields": {"name": "MLH 1020", "country": 3, "region": 314, "abbreviation": ""}}, {"model": "adresses.state", "pk": 313, "fields": {"name": "VLT1230", "country": 3, "region": 315, "abbreviation": ""}}, {"model": "adresses.state", "pk": 314, "fields": {"name": "PBK 1771", "country": 3, "region": 316, "abbreviation": ""}}, {"model": "adresses.state", "pk": 315, "fields": {"name": "SWQ 3150", "country": 3, "region": 317, "abbreviation": ""}}, {"model": "adresses.state", "pk": 316, "fields": {"name": "Tas-Sliema", "country": 3, "region": 318, "abbreviation": ""}}, {"model": "adresses.state", "pk": 317, "fields": {"name": "San Pawl il-Ba\u0127ar", "country": 3, "region": 319, "abbreviation": ""}}, {"model": "adresses.state", "pk": 318, "fields": {"name": "STJ 3223", "country": 3, "region": 320, "abbreviation": ""}}, {"model": "adresses.state", "pk": 319, "fields": {"name": "STJ 3311", "country": 3, "region": 321, "abbreviation": ""}}, {"model": "adresses.state", "pk": 320, "fields": {"name": "MST 9055", "country": 3, "region": 322, "abbreviation": ""}}, {"model": "adresses.state", "pk": 321, "fields": {"name": "SPB3476", "country": 3, "region": 323, "abbreviation": ""}}, {"model": "adresses.state", "pk": 322, "fields": {"name": "SGN 2310", "country": 3, "region": 324, "abbreviation": ""}}, {"model": "adresses.state", "pk": 323, "fields": {"name": "STJ3181", "country": 3, "region": 325, "abbreviation": ""}}, {"model": "adresses.state", "pk": 324, "fields": {"name": "VLT 11", "country": 3, "region": 326, "abbreviation": ""}}, {"model": "adresses.state", "pk": 325, "fields": {"name": "STJ 3103", "country": 3, "region": 327, "abbreviation": ""}}, {"model": "adresses.state", "pk": 326, "fields": {"name": "Triq Sir Augustus Bartolo", "country": 3, "region": 328, "abbreviation": ""}}, {"model": "adresses.state", "pk": 327, "fields": {"name": "BKR9078", "country": 3, "region": 329, "abbreviation": ""}}, {"model": "adresses.state", "pk": 328, "fields": {"name": "Minas Gerais", "country": 4, "region": 330, "abbreviation": "MG"}}, {"model": "adresses.city", "pk": 380, "fields": {"name": "Benburb Street", "state": 204, "cep": null}}, {"model": "adresses.city", "pk": 381, "fields": {"name": "Talbot Street", "state": 205, "cep": null}}, {"model": "adresses.city", "pk": 382, "fields": {"name": "Harcourt Street", "state": 206, "cep": null}}, {"model": "adresses.city", "pk": 383, "fields": {"name": "Dame Street", "state": 207, "cep": null}}, {"model": "adresses.city", "pk": 384, "fields": {"name": "Burgh Quay", "state": 207, "cep": null}}, {"model": "adresses.city", "pk": 385, "fields": {"name": "Usher's Quay", "state": 208, "cep": null}}, {"model": "adresses.city", "pk": 386, "fields": {"name": "Dublin", "state": 209, "cep": null}}, {"model": "adresses.city", "pk": 387, "fields": {"name": "Collins Avenue Extension", "state": 210, "cep": null}}, {"model": "adresses.city", "pk": 388, "fields": {"name": "Fitzwilliam Square South", "state": 207, "cep": null}}, {"model": "adresses.city", "pk": 389, "fields": {"name": "Church Road", "state": 211, "cep": null}}, {"model": "adresses.city", "pk": 390, "fields": {"name": "Westmoreland Street", "state": 212, "cep": null}}, {"model": "adresses.city", "pk": 391, "fields": {"name": "Townsend Street", "state": 207, "cep": null}}, {"model": "adresses.city", "pk": 392, "fields": {"name": "Exchange Street Lower", "state": 212, "cep": null}}, {"model": "adresses.city", "pk": 393, "fields": {"name": "Grafton Street", "state": 207, "cep": null}}, {"model": "adresses.city", "pk": 394, "fields": {"name": "Parnell Square East", "state": 213, "cep": null}}, {"model": "adresses.city", "pk": 395, "fields": {"name": "Fitzwilliam Street Upper", "state": 214, "cep": null}}, {"model": "adresses.city", "pk": 396, "fields": {"name": "North City", "state": 207, "cep": null}}, {"model": "adresses.city", "pk": 397, "fields": {"name": "Abbey Street Lower", "state": 205, "cep": null}}, {"model": "adresses.city", "pk": 398, "fields": {"name": "Maynooth", "state": 215, "cep": null}}, {"model": "adresses.city", "pk": 399, "fields": {"name": "Capel Street", "state": 213, "cep": null}}, {"model": "adresses.city", "pk": 400, "fields": {"name": "Bachelors Walk", "state": 205, "cep": null}}, {"model": "adresses.city", "pk": 401, "fields": {"name": "Merrion Square North", "state": 207, "cep": null}}, {"model": "adresses.city", "pk": 402, "fields": {"name": "Lower Leeson St", "state": 206, "cep": null}}, {"model": "adresses.city", "pk": 403, "fields": {"name": "Gardiner Street Upper", "state": 216, "cep": null}}, {"model": "adresses.city", "pk": 404, "fields": {"name": "Gardiner Place", "state": 213, "cep": null}}, {"model": "adresses.city", "pk": 405, "fields": {"name": "Swift's Alley", "state": 217, "cep": null}}, {"model": "adresses.city", "pk": 406, "fields": {"name": "Clarinda Park West", "state": 218, "cep": null}}, {"model": "adresses.city", "pk": 407, "fields": {"name": "Charles Street Great", "state": 216, "cep": null}}, {"model": "adresses.city", "pk": 408, "fields": {"name": "Malahide", "state": 211, "cep": null}}, {"model": "adresses.city", "pk": 409, "fields": {"name": "Coppinger Row", "state": 207, "cep": null}}, {"model": "adresses.city", "pk": 410, "fields": {"name": "North Great George's Street", "state": 213, "cep": null}}, {"model": "adresses.city", "pk": 411, "fields": {"name": "Belvedere Place", "state": 216, "cep": null}}, {"model": "adresses.city", "pk": 412, "fields": {"name": "George's Street Lower", "state": 218, "cep": null}}, {"model": "adresses.city", "pk": 413, "fields": {"name": "Portobello", "state": 207, "cep": null}}, {"model": "adresses.city", "pk": 414, "fields": {"name": "Market Court", "state": 219, "cep": null}}, {"model": "adresses.city", "pk": 415, "fields": {"name": "Gardiner Row", "state": 213, "cep": null}}, {"model": "adresses.city", "pk": 416, "fields": {"name": "Kilbride", "state": 220, "cep": null}}, {"model": "adresses.city", "pk": 417, "fields": {"name": "Florence Road", "state": 220, "cep": null}}, {"model": "adresses.city", "pk": 418, "fields": {"name": "Dawson Street", "state": 207, "cep": null}}, {"model": "adresses.city", "pk": 419, "fields": {"name": "Herbert Place", "state": 214, "cep": null}}, {"model": "adresses.city", "pk": 420, "fields": {"name": "Capel Street", "state": 221, "cep": null}}, {"model": "adresses.city", "pk": 421, "fields": {"name": "Glasthule", "state": 207, "cep": null}}, {"model": "adresses.city", "pk": 422, "fields": {"name": "Palmerston Park", "state": 222, "cep": null}}, {"model": "adresses.city", "pk": 423, "fields": {"name": "Clarinda Park North", "state": 223, "cep": null}}, {"model": "adresses.city", "pk": 424, "fields": {"name": "Lad Lane", "state": 214, "cep": null}}, {"model": "adresses.city", "pk": 425, "fields": {"name": "Rotunda", "state": 207, "cep": null}}, {"model": "adresses.city", "pk": 426, "fields": {"name": "Eden Quay", "state": 205, "cep": null}}, {"model": "adresses.city", "pk": 427, "fields": {"name": "Merrion Street Lower", "state": 207, "cep": null}}, {"model": "adresses.city", "pk": 428, "fields": {"name": "Cumberland Street North", "state": 213, "cep": null}}, {"model": "adresses.city", "pk": 429, "fields": {"name": "Mountjoy", "state": 224, "cep": null}}, {"model": "adresses.city", "pk": 430, "fields": {"name": "Ballybran", "state": 225, "cep": null}}, {"model": "adresses.city", "pk": 431, "fields": {"name": "Lifford", "state": 226, "cep": null}}, {"model": "adresses.city", "pk": 432, "fields": {"name": "O'Connell Street", "state": 227, "cep": null}}, {"model": "adresses.city", "pk": 433, "fields": {"name": "Ballyminoge", "state": 225, "cep": null}}, {"model": "adresses.city", "pk": 434, "fields": {"name": "Templemichael", "state": 227, "cep": null}}, {"model": "adresses.city", "pk": 435, "fields": {"name": "Limerick", "state": 227, "cep": null}}, {"model": "adresses.city", "pk": 436, "fields": {"name": "Castletroy", "state": 228, "cep": null}}, {"model": "adresses.city", "pk": 437, "fields": {"name": "Mallow Street", "state": 227, "cep": null}}, {"model": "adresses.city", "pk": 438, "fields": {"name": "Castletroy", "state": 229, "cep": null}}, {"model": "adresses.city", "pk": 439, "fields": {"name": "Laurel Hill Avenue", "state": 227, "cep": null}}, {"model": "adresses.city", "pk": 440, "fields": {"name": "Castletroy", "state": 227, "cep": null}}, {"model": "adresses.city", "pk": 441, "fields": {"name": "Garranbane", "state": 227, "cep": null}}, {"model": "adresses.city", "pk": 442, "fields": {"name": "Gortstuckanagh", "state": 230, "cep": null}}, {"model": "adresses.city", "pk": 443, "fields": {"name": "Raheen", "state": 231, "cep": null}}, {"model": "adresses.city", "pk": 444, "fields": {"name": "Parkatotaun", "state": 227, "cep": null}}, {"model": "adresses.city", "pk": 445, "fields": {"name": "Fairyhill", "state": 232, "cep": null}}, {"model": "adresses.city", "pk": 446, "fields": {"name": "Newcastle", "state": 233, "cep": null}}, {"model": "adresses.city", "pk": 447, "fields": {"name": "Ballygiltenan North", "state": 234, "cep": null}}, {"model": "adresses.city", "pk": 448, "fields": {"name": "Abbeyfarm", "state": 235, "cep": null}}, {"model": "adresses.city", "pk": 449, "fields": {"name": "Tullyvarraga", "state": 236, "cep": null}}, {"model": "adresses.city", "pk": 450, "fields": {"name": "Brigown", "state": 237, "cep": null}}, {"model": "adresses.city", "pk": 451, "fields": {"name": "Clonbealy", "state": 238, "cep": null}}, {"model": "adresses.city", "pk": 452, "fields": {"name": "Limerick City", "state": 239, "cep": null}}, {"model": "adresses.city", "pk": 453, "fields": {"name": "Brodeen", "state": 240, "cep": null}}, {"model": "adresses.city", "pk": 454, "fields": {"name": "Dooradoyle", "state": 227, "cep": null}}, {"model": "adresses.city", "pk": 455, "fields": {"name": "Carrownreddy", "state": 240, "cep": null}}, {"model": "adresses.city", "pk": 456, "fields": {"name": "Newcastle", "state": 227, "cep": null}}, {"model": "adresses.city", "pk": 457, "fields": {"name": "Doneraile", "state": 241, "cep": null}}, {"model": "adresses.city", "pk": 458, "fields": {"name": "Gortboy", "state": 242, "cep": null}}, {"model": "adresses.city", "pk": 459, "fields": {"name": "Newport", "state": 238, "cep": null}}, {"model": "adresses.city", "pk": 460, "fields": {"name": "Barrysfarm", "state": 243, "cep": null}}, {"model": "adresses.city", "pk": 461, "fields": {"name": "Ballyneety", "state": 227, "cep": null}}, {"model": "adresses.city", "pk": 462, "fields": {"name": "Boherboy", "state": 244, "cep": null}}, {"model": "adresses.city", "pk": 463, "fields": {"name": "Nenagh North", "state": 245, "cep": null}}, {"model": "adresses.city", "pk": 464, "fields": {"name": "Galbally", "state": 246, "cep": null}}, {"model": "adresses.city", "pk": 465, "fields": {"name": "Ballinwillin", "state": 247, "cep": null}}, {"model": "adresses.city", "pk": 466, "fields": {"name": "Shannon", "state": 236, "cep": null}}, {"model": "adresses.city", "pk": 467, "fields": {"name": "Tulla", "state": 248, "cep": null}}, {"model": "adresses.city", "pk": 468, "fields": {"name": "Church Street", "state": 249, "cep": null}}, {"model": "adresses.city", "pk": 469, "fields": {"name": "Ballykinash", "state": 250, "cep": null}}, {"model": "adresses.city", "pk": 470, "fields": {"name": "Crusheen", "state": 251, "cep": null}}, {"model": "adresses.city", "pk": 471, "fields": {"name": "Caherconlish", "state": 227, "cep": null}}, {"model": "adresses.city", "pk": 472, "fields": {"name": "Cloon", "state": 252, "cep": null}}, {"model": "adresses.city", "pk": 473, "fields": {"name": "Town Lot", "state": 240, "cep": null}}, {"model": "adresses.city", "pk": 474, "fields": {"name": "Leagard North", "state": 253, "cep": null}}, {"model": "adresses.city", "pk": 475, "fields": {"name": "Newmarket", "state": 254, "cep": null}}, {"model": "adresses.city", "pk": 476, "fields": {"name": "Abbeyfeale West", "state": 227, "cep": null}}, {"model": "adresses.city", "pk": 477, "fields": {"name": "Kilmallock", "state": 227, "cep": null}}, {"model": "adresses.city", "pk": 478, "fields": {"name": "Rathbaun", "state": 255, "cep": null}}, {"model": "adresses.city", "pk": 479, "fields": {"name": "Kilpadogue", "state": 256, "cep": null}}, {"model": "adresses.city", "pk": 480, "fields": {"name": "Limerick", "state": 257, "cep": null}}, {"model": "adresses.city", "pk": 481, "fields": {"name": "Tooreen", "state": 258, "cep": null}}, {"model": "adresses.city", "pk": 482, "fields": {"name": "O'Briensbridge", "state": 259, "cep": null}}, {"model": "adresses.city", "pk": 483, "fields": {"name": "Dromdarrig", "state": 260, "cep": null}}, {"model": "adresses.city", "pk": 484, "fields": {"name": "The Lough", "state": 237, "cep": null}}, {"model": "adresses.city", "pk": 485, "fields": {"name": "Centre", "state": 237, "cep": null}}, {"model": "adresses.city", "pk": 486, "fields": {"name": "Montenotte", "state": 237, "cep": null}}, {"model": "adresses.city", "pk": 487, "fields": {"name": "Shandon", "state": 237, "cep": null}}, {"model": "adresses.city", "pk": 488, "fields": {"name": "University College", "state": 237, "cep": null}}, {"model": "adresses.city", "pk": 489, "fields": {"name": "Model Farm Road", "state": 237, "cep": null}}, {"model": "adresses.city", "pk": 490, "fields": {"name": "Saint Patrick's Hill", "state": 261, "cep": null}}, {"model": "adresses.city", "pk": 491, "fields": {"name": "Main Road", "state": 262, "cep": null}}, {"model": "adresses.city", "pk": 492, "fields": {"name": "Firville West", "state": 263, "cep": null}}, {"model": "adresses.city", "pk": 493, "fields": {"name": "South Mall Street", "state": 264, "cep": null}}, {"model": "adresses.city", "pk": 494, "fields": {"name": "Bishopstown", "state": 237, "cep": null}}, {"model": "adresses.city", "pk": 495, "fields": {"name": "Ardagh East", "state": 265, "cep": null}}, {"model": "adresses.city", "pk": 496, "fields": {"name": "Clontaff", "state": 266, "cep": null}}, {"model": "adresses.city", "pk": 497, "fields": {"name": "Parnell Place", "state": 264, "cep": null}}, {"model": "adresses.city", "pk": 498, "fields": {"name": "Rossa Avenue", "state": 267, "cep": null}}, {"model": "adresses.city", "pk": 499, "fields": {"name": "Ballynacubby", "state": 268, "cep": null}}, {"model": "adresses.city", "pk": 500, "fields": {"name": "Ballincollig", "state": 262, "cep": null}}, {"model": "adresses.city", "pk": 501, "fields": {"name": "Clancool More", "state": 269, "cep": null}}, {"model": "adresses.city", "pk": 502, "fields": {"name": "The Glen", "state": 237, "cep": null}}, {"model": "adresses.city", "pk": 503, "fields": {"name": "Ballinlough", "state": 237, "cep": null}}, {"model": "adresses.city", "pk": 504, "fields": {"name": "Kilbrogan", "state": 269, "cep": null}}, {"model": "adresses.city", "pk": 505, "fields": {"name": "Main Street", "state": 262, "cep": null}}, {"model": "adresses.city", "pk": 506, "fields": {"name": "The Mall", "state": 270, "cep": null}}, {"model": "adresses.city", "pk": 507, "fields": {"name": "Paddock", "state": 271, "cep": null}}, {"model": "adresses.city", "pk": 508, "fields": {"name": "Shanagarry", "state": 237, "cep": null}}, {"model": "adresses.city", "pk": 509, "fields": {"name": "Lismore", "state": 272, "cep": null}}, {"model": "adresses.city", "pk": 510, "fields": {"name": "Carrigaline", "state": 273, "cep": null}}, {"model": "adresses.city", "pk": 511, "fields": {"name": "Cork", "state": 274, "cep": null}}, {"model": "adresses.city", "pk": 512, "fields": {"name": "Midleton", "state": 237, "cep": null}}, {"model": "adresses.city", "pk": 513, "fields": {"name": "Western Road", "state": 275, "cep": null}}, {"model": "adresses.city", "pk": 514, "fields": {"name": "Kinsale", "state": 268, "cep": null}}, {"model": "adresses.city", "pk": 515, "fields": {"name": "Ballintemple", "state": 237, "cep": null}}, {"model": "adresses.city", "pk": 516, "fields": {"name": "Baltydaniel East", "state": 276, "cep": null}}, {"model": "adresses.city", "pk": 517, "fields": {"name": "Castleredmond", "state": 277, "cep": null}}, {"model": "adresses.city", "pk": 518, "fields": {"name": "Mary Street", "state": 278, "cep": null}}, {"model": "adresses.city", "pk": 519, "fields": {"name": "Annabella", "state": 279, "cep": null}}, {"model": "adresses.city", "pk": 520, "fields": {"name": "Glasheen", "state": 237, "cep": null}}, {"model": "adresses.city", "pk": 521, "fields": {"name": "Cork", "state": 265, "cep": null}}, {"model": "adresses.city", "pk": 522, "fields": {"name": "Drinan Street", "state": 278, "cep": null}}, {"model": "adresses.city", "pk": 523, "fields": {"name": "Drominahilla", "state": 280, "cep": null}}, {"model": "adresses.city", "pk": 524, "fields": {"name": "Farranree", "state": 237, "cep": null}}, {"model": "adresses.city", "pk": 525, "fields": {"name": "Cloghmacsimon", "state": 269, "cep": null}}, {"model": "adresses.city", "pk": 526, "fields": {"name": "Ringmeen", "state": 281, "cep": null}}, {"model": "adresses.city", "pk": 527, "fields": {"name": "Kilgrellane", "state": 237, "cep": null}}, {"model": "adresses.city", "pk": 528, "fields": {"name": "Clonakilty", "state": 237, "cep": null}}, {"model": "adresses.city", "pk": 529, "fields": {"name": "Lehenagh Beg", "state": 237, "cep": null}}, {"model": "adresses.city", "pk": 530, "fields": {"name": "Sunday's Well", "state": 282, "cep": null}}, {"model": "adresses.city", "pk": 531, "fields": {"name": "Fairgreen Road", "state": 283, "cep": null}}, {"model": "adresses.city", "pk": 532, "fields": {"name": "Galway", "state": 284, "cep": null}}, {"model": "adresses.city", "pk": 533, "fields": {"name": "Galway", "state": 283, "cep": null}}, {"model": "adresses.city", "pk": 534, "fields": {"name": "The Crescent", "state": 283, "cep": null}}, {"model": "adresses.city", "pk": 535, "fields": {"name": "Bridge Street", "state": 283, "cep": null}}, {"model": "adresses.city", "pk": 536, "fields": {"name": "Glennagloghaun North", "state": 285, "cep": null}}, {"model": "adresses.city", "pk": 537, "fields": {"name": "Cornaroya", "state": 286, "cep": null}}, {"model": "adresses.city", "pk": 538, "fields": {"name": "Flood Street", "state": 283, "cep": null}}, {"model": "adresses.city", "pk": 539, "fields": {"name": "Ballingarry", "state": 287, "cep": null}}, {"model": "adresses.city", "pk": 540, "fields": {"name": "Dublin Road", "state": 288, "cep": null}}, {"model": "adresses.city", "pk": 541, "fields": {"name": "Renmore", "state": 283, "cep": null}}, {"model": "adresses.city", "pk": 542, "fields": {"name": "Corralea West", "state": 289, "cep": null}}, {"model": "adresses.city", "pk": 543, "fields": {"name": "School Rd", "state": 290, "cep": null}}, {"model": "adresses.city", "pk": 544, "fields": {"name": "Ballinderreen", "state": 283, "cep": null}}, {"model": "adresses.city", "pk": 545, "fields": {"name": "Mill Street", "state": 283, "cep": null}}, {"model": "adresses.city", "pk": 546, "fields": {"name": "Glennagloghaun North", "state": 283, "cep": null}}, {"model": "adresses.city", "pk": 547, "fields": {"name": "Breanloughaun", "state": 283, "cep": null}}, {"model": "adresses.city", "pk": 548, "fields": {"name": "Belmont", "state": 291, "cep": null}}, {"model": "adresses.city", "pk": 549, "fields": {"name": "Garraun Upper", "state": 292, "cep": null}}, {"model": "adresses.city", "pk": 550, "fields": {"name": "Carrowbaun", "state": 293, "cep": null}}, {"model": "adresses.city", "pk": 551, "fields": {"name": "Galway West Business Park", "state": 294, "cep": null}}, {"model": "adresses.city", "pk": 552, "fields": {"name": "Caherapheepa", "state": 283, "cep": null}}, {"model": "adresses.city", "pk": 553, "fields": {"name": "Millplot", "state": 292, "cep": null}}, {"model": "adresses.city", "pk": 554, "fields": {"name": "Clare", "state": 295, "cep": null}}, {"model": "adresses.city", "pk": 555, "fields": {"name": "Hollymount", "state": 296, "cep": null}}, {"model": "adresses.city", "pk": 556, "fields": {"name": "Salthill", "state": 284, "cep": null}}, {"model": "adresses.city", "pk": 557, "fields": {"name": "Main Street", "state": 287, "cep": null}}, {"model": "adresses.city", "pk": 558, "fields": {"name": "Tirellan Heights", "state": 283, "cep": null}}, {"model": "adresses.city", "pk": 559, "fields": {"name": "Claremorris Retail Centre", "state": 297, "cep": null}}, {"model": "adresses.city", "pk": 560, "fields": {"name": "Cregcarragh", "state": 283, "cep": null}}, {"model": "adresses.city", "pk": 561, "fields": {"name": "Ballyloughane Strand", "state": 283, "cep": null}}, {"model": "adresses.city", "pk": 562, "fields": {"name": "Inisheer", "state": 283, "cep": null}}, {"model": "adresses.city", "pk": 563, "fields": {"name": "Killeenadeema East", "state": 283, "cep": null}}, {"model": "adresses.city", "pk": 564, "fields": {"name": "Galway", "state": 298, "cep": null}}, {"model": "adresses.city", "pk": 565, "fields": {"name": "Innplot", "state": 292, "cep": null}}, {"model": "adresses.city", "pk": 566, "fields": {"name": "Tourmakeady", "state": 296, "cep": null}}, {"model": "adresses.city", "pk": 567, "fields": {"name": "Dulick", "state": 226, "cep": null}}, {"model": "adresses.city", "pk": 568, "fields": {"name": "San Pawl il-Ba\u0127ar", "state": 299, "cep": null}}, {"model": "adresses.city", "pk": 569, "fields": {"name": "Malta", "state": 300, "cep": null}}, {"model": "adresses.city", "pk": 570, "fields": {"name": "San \u0120iljan", "state": 299, "cep": null}}, {"model": "adresses.city", "pk": 571, "fields": {"name": "Malta", "state": 301, "cep": null}}, {"model": "adresses.city", "pk": 572, "fields": {"name": "Sliema", "state": 299, "cep": null}}, {"model": "adresses.city", "pk": 573, "fields": {"name": "L-Imsida", "state": 299, "cep": null}}, {"model": "adresses.city", "pk": 574, "fields": {"name": "Malta", "state": 302, "cep": null}}, {"model": "adresses.city", "pk": 575, "fields": {"name": "Tas-Sliema", "state": 299, "cep": null}}, {"model": "adresses.city", "pk": 576, "fields": {"name": "Malta", "state": 303, "cep": null}}, {"model": "adresses.city", "pk": 577, "fields": {"name": "Malta", "state": 304, "cep": null}}, {"model": "adresses.city", "pk": 578, "fields": {"name": "Malta", "state": 305, "cep": null}}, {"model": "adresses.city", "pk": 579, "fields": {"name": "Malta", "state": 306, "cep": null}}, {"model": "adresses.city", "pk": 580, "fields": {"name": "Malta", "state": 299, "cep": null}}, {"model": "adresses.city", "pk": 581, "fields": {"name": "Malta", "state": 307, "cep": null}}, {"model": "adresses.city", "pk": 582, "fields": {"name": "Malta", "state": 308, "cep": null}}, {"model": "adresses.city", "pk": 583, "fields": {"name": "Malta", "state": 309, "cep": null}}, {"model": "adresses.city", "pk": 584, "fields": {"name": "Malta", "state": 310, "cep": null}}, {"model": "adresses.city", "pk": 585, "fields": {"name": "Malta", "state": 311, "cep": null}}, {"model": "adresses.city", "pk": 586, "fields": {"name": "Malta", "state": 312, "cep": null}}, {"model": "adresses.city", "pk": 587, "fields": {"name": "Malta", "state": 313, "cep": null}}, {"model": "adresses.city", "pk": 588, "fields": {"name": "Malta", "state": 314, "cep": null}}, {"model": "adresses.city", "pk": 589, "fields": {"name": "Malta", "state": 315, "cep": null}}, {"model": "adresses.city", "pk": 590, "fields": {"name": "Sprachcaffe Village", "state": 299, "cep": null}}, {"model": "adresses.city", "pk": 591, "fields": {"name": "Is-Swieqi", "state": 299, "cep": null}}, {"model": "adresses.city", "pk": 592, "fields": {"name": "Il-G\u017cira", "state": 299, "cep": null}}, {"model": "adresses.city", "pk": 593, "fields": {"name": "Sqaq \u0120u\u017c\u00e8 Fava", "state": 316, "cep": null}}, {"model": "adresses.city", "pk": 594, "fields": {"name": "Triq Manwel Dimech", "state": 316, "cep": null}}, {"model": "adresses.city", "pk": 595, "fields": {"name": "Triq it-Turisti", "state": 317, "cep": null}}, {"model": "adresses.city", "pk": 596, "fields": {"name": "Floriana", "state": 299, "cep": null}}, {"model": "adresses.city", "pk": 597, "fields": {"name": "G\u0127ajnsielem", "state": 299, "cep": null}}, {"model": "adresses.city", "pk": 598, "fields": {"name": "Malta", "state": 318, "cep": null}}, {"model": "adresses.city", "pk": 599, "fields": {"name": "Malta", "state": 319, "cep": null}}, {"model": "adresses.city", "pk": 600, "fields": {"name": "Malta", "state": 320, "cep": null}}, {"model": "adresses.city", "pk": 601, "fields": {"name": "San Gwann", "state": 299, "cep": null}}, {"model": "adresses.city", "pk": 602, "fields": {"name": "Malta", "state": 321, "cep": null}}, {"model": "adresses.city", "pk": 603, "fields": {"name": "Malta", "state": 322, "cep": null}}, {"model": "adresses.city", "pk": 604, "fields": {"name": "Malta", "state": 323, "cep": null}}, {"model": "adresses.city", "pk": 605, "fields": {"name": "Malta", "state": 324, "cep": null}}, {"model": "adresses.city", "pk": 606, "fields": {"name": "Malta", "state": 325, "cep": null}}, {"model": "adresses.city", "pk": 607, "fields": {"name": "San \u0120wann", "state": 299, "cep": null}}, {"model": "adresses.city", "pk": 608, "fields": {"name": "Luqa", "state": 299, "cep": null}}, {"model": "adresses.city", "pk": 609, "fields": {"name": "17", "state": 326, "cep": null}}, {"model": "adresses.city", "pk": 610, "fields": {"name": "Il-Furjana", "state": 299, "cep": null}}, {"model": "adresses.city", "pk": 611, "fields": {"name": "Ta' Ker\u010bem", "state": 299, "cep": null}}, {"model": "adresses.city", "pk": 612, "fields": {"name": "Malta", "state": 327, "cep": null}}, {"model": "adresses.city", "pk": 613, "fields": {"name": "Birkirkara", "state": 299, "cep": null}}, {"model": "adresses.city", "pk": 614, "fields": {"name": "Buritizeiro", "state": 328, "cep": ""}}]